final_test_suite_costs,final_effectivenesses,average_qpu_access_time(ms),stdev_qpu_access_time(ms),qpu_run_times(ms)
"[92685.55118924507, 92685.55118924507]","[0.3805584281282316, 0.3805584281282316]",24.977445602416992,3.1755121542048,"[22.732019424438477, 27.222871780395508]"
