,best_itr,best_fval,best_solution,total_qaoa,total_impact,total_exe,execution_times,final_test_suite_costs,final_failure_rates
0,9,0.14079356060103776,"[0.0, 0, 0.0, 0.0, 0, 0.0, 0.0, 0.0, 0, 0.0, 0.0, 1.0, 1, 1.0, 0.0, 1.0, 0.0, 0.0, 1.0, 1.0, 0.0, 0, 0.0, 0.0, 1.0, 0, 1, 0.0, 1.0, 0, 0.0, 1, 0.0, 0, 0.0, 0, 0, 0.0, 0, 0.0, 0.0, 0.0, 0, 0.0, 0, 0, 0, 1.0, 0, 0, 0, 0, 0.0, 0.0, 1, 0, 0, 0.0, 0.0, 1.0, 1.0, 1.0, 1, 0.0, 1, 0.0, 0.0, 1.0, 0, 1, 1, 0, 0, 0, 1, 1, 1.0, 1.0, 1.0, 1.0, 1, 0, 1.0, 0.0, 1, 0, 1.0, 0.0, 0.0]",308.47159337997437,0.007997989654541016,308.5854094028473,"[31.68370747566223, 29.901554346084595, 32.79108452796936, 32.96999001502991, 27.74402379989624, 31.65633201599121, 29.058310508728027, 25.99238681793213, 30.289433479309082, 36.39276838302612]","[1153423.0, 949106.0, 873385.0, 730529.0, 758418.0, 655362.0, 682363.0, 644470.0, 659529.0, 659529.0]","[9.268092922468528, 9.183313239500995, 9.70501411611049, 9.369243992230796, 10.216768531020065, 9.427998897048255, 9.980975332960963, 9.755581143592206, 9.945663788220307, 9.945663788220307]"
