final_test_suite_costs,final_failure_rates,average_qpu_access_time(ms),qpu_lower_bound(ms),qpu_upper_bound()
"[37450.93047664157, 37450.93047664157, 37450.93047664157, 37450.93047664157, 37450.93047664157, 37450.93047664157, 37450.93047664157, 37450.93047664157, 37450.93047664157, 37450.93047664157]","[3.6072686215373078, 3.6072686215373078, 3.6072686215373078, 3.6072686215373078, 3.6072686215373078, 3.6072686215373078, 3.6072686215373078, 3.6072686215373078, 3.6072686215373078, 3.6072686215373078]",56.60896139144897,56.13127907276154,57.16036044836044
