{"flex": {"statevector_sim": {"selectqa": [[150, 150, 150, 150, 150, 150, 150, 150, 150, 150], 150, 0.0], "divga": [[135, 140, 138, 139, 140, 139, 130, 138, 137, 139], 137.5, 3.0276503540974917], "qaoa": [[364, 327, 399, 335, 350, 358, 347, 356, 319, 343], 349.8, 22.285022374281393], "add_greedy": [104, 104, 0]}, "aer_sim": {"selectqa": [[187, 187, 187, 187, 187, 187, 187, 187, 187, 187], 187, 0.0], "divga": [[140, 140, 140, 140, 140, 140, 140, 140, 140, 139], 139.9, 0.31622776601683794], "qaoa": [[483, 493, 482, 490, 491, 492, 490, 500, 490, 495], 490.6, 5.253570214625479], "add_greedy": [205, 205, 0]}, "fake_vigo": {"selectqa": [[187, 187, 187, 187, 187, 187, 187, 187, 187, 187], 187, 0.0], "divga": [[140, 140, 140, 140, 140, 140, 140, 140, 140, 140], 140, 0.0], "qaoa": [[491, 491, 491, 492, 491, 492, 492, 492, 491, 491], 491.4, 0.5163977794943223], "add_greedy": [205, 205, 0]}, "depolarizing_sim/01": {"selectqa": [[187, 187, 187, 187, 187, 187, 187, 187, 187, 187], 187, 0.0], "divga": [[140, 140, 140, 140, 140, 140, 140, 140, 140, 140], 140, 0.0], "qaoa": [[491, 492, 491, 491, 491, 491, 491, 492, 491, 492], 491.3, 0.48304589153964794], "add_greedy": [205, 205, 0]}, "depolarizing_sim/02": {"selectqa": [[187, 187, 187, 187, 187, 187, 187, 187, 187, 187], 187, 0.0], "divga": [[140, 140, 140, 140, 140, 140, 140, 140, 140, 140], 140, 0.0], "qaoa": [[491, 491, 492, 491, 492, 492, 492, 491, 491, 491], 491.4, 0.5163977794943223], "add_greedy": [205, 205, 0]}, "depolarizing_sim/05": {"selectqa": [[187, 187, 187, 187, 187, 187, 187, 187, 187, 187], 187, 0.0], "divga": [[140, 140, 140, 140, 140, 140, 140, 140, 140, 140], 140, 0.0], "qaoa": [[492, 491, 492, 491, 492, 491, 491, 491, 491, 492], 491.4, 0.5163977794943223], "add_greedy": [205, 205, 0]}}, "grep": {"statevector_sim": {"selectqa": [[3, 3, 4, 3, 4, 3, 4, 3, 4, 4], 3.5, 0.5270462766947299], "divga": [[70, 70, 65, 69, 69, 65, 55, 68, 52, 64], 64.7, 6.325433669805661], "qaoa": [[471, 380, 453, 407, 425, 449, 373, 459, 389, 426], 423.2, 34.88011213029887], "add_greedy": [97, 97, 0]}, "aer_sim": {"selectqa": [[1, 1, 2, 1, 2, 1, 2, 1, 2, 2], 1.5, 0.5270462766947299], "divga": [[70, 70, 70, 70, 70, 70, 70, 70, 70, 70], 70, 0.0], "qaoa": [[335, 338, 337, 338, 336, 332, 336, 337, 336, 337], 336.2, 1.7511900715418263], "add_greedy": [171, 171, 0]}, "fake_vigo": {"selectqa": [[192, 192, 193, 192, 193, 192, 193, 192, 193, 193], 192.5, 0.5270462766947299], "divga": [[70, 70, 70, 70, 70, 70, 70, 70, 70, 70], 70, 0.0], "qaoa": [[321, 321, 321, 321, 321, 321, 321, 321, 321, 321], 321, 0.0], "add_greedy": [177, 177, 0]}, "depolarizing_sim/01": {"selectqa": [[192, 192, 193, 192, 193, 192, 193, 192, 193, 193], 192.5, 0.5270462766947299], "divga": [[70, 70, 70, 70, 70, 70, 70, 70, 70, 70], 70, 0.0], "qaoa": [[321, 321, 321, 321, 321, 321, 321, 321, 321, 321], 321, 0.0], "add_greedy": [177, 177, 0]}, "depolarizing_sim/02": {"selectqa": [[192, 192, 193, 192, 193, 192, 193, 192, 193, 193], 192.5, 0.5270462766947299], "divga": [[70, 70, 70, 70, 70, 70, 70, 70, 70, 70], 70, 0.0], "qaoa": [[321, 321, 321, 321, 321, 321, 321, 321, 321, 321], 321, 0.0], "add_greedy": [177, 177, 0]}, "depolarizing_sim/05": {"selectqa": [[192, 192, 193, 192, 193, 192, 193, 192, 193, 193], 192.5, 0.5270462766947299], "divga": [[70, 70, 70, 70, 70, 70, 70, 70, 70, 70], 70, 0.0], "qaoa": [[321, 321, 321, 321, 321, 321, 321, 321, 321, 321], 321, 0.0], "add_greedy": [177, 177, 0]}}, "gzip": {"statevector_sim": {"selectqa": [[36, 35, 34, 35, 36, 36, 35, 36, 34, 36], 35.3, 0.8232726023485646], "divga": [[82, 93, 85, 104, 86, 91, 89, 104, 99, 44], 87.7, 17.166181222909707], "qaoa": [[96, 86, 84, 54, 95, 98, 84, 47, 78, 28], 75, 23.79542439676633], "add_greedy": [46, 46, 0]}, "aer_sim": {"selectqa": [[41, 40, 39, 40, 41, 41, 40, 41, 39, 41], 40.3, 0.8232726023485646], "divga": [[105, 105, 105, 105, 105, 105, 105, 105, 105, 105], 105, 0.0], "qaoa": [[86, 128, 84, 86, 86, 84, 85, 84, 129, 85], 93.7, 18.360888383251563], "add_greedy": [26, 26, 0]}, "fake_vigo": {"selectqa": [[41, 40, 39, 40, 41, 41, 40, 41, 39, 41], 40.3, 0.8232726023485646], "divga": [[105, 105, 105, 105, 105, 105, 105, 105, 105, 105], 105, 0.0], "qaoa": [[102, 102, 76, 76, 76, 75, 75, 76, 101, 102], 86.1, 13.477965556995446], "add_greedy": [26, 26, 0]}, "depolarizing_sim/01": {"selectqa": [[41, 40, 39, 40, 41, 41, 40, 41, 39, 41], 40.3, 0.8232726023485646], "divga": [[105, 105, 105, 105, 105, 105, 105, 105, 105, 105], 105, 0.0], "qaoa": [[77, 75, 101, 101, 75, 102, 101, 74, 103, 76], 88.5, 13.842366528564078], "add_greedy": [26, 26, 0]}, "depolarizing_sim/02": {"selectqa": [[41, 40, 39, 40, 41, 41, 40, 41, 39, 41], 40.3, 0.8232726023485646], "divga": [[105, 105, 105, 105, 105, 105, 105, 105, 105, 105], 105, 0.0], "qaoa": [[102, 103, 76, 101, 75, 102, 76, 76, 76, 76], 86.3, 13.52405264704334], "add_greedy": [26, 26, 0]}, "depolarizing_sim/05": {"selectqa": [[41, 40, 39, 40, 41, 41, 40, 41, 39, 41], 40.3, 0.8232726023485646], "divga": [[105, 105, 105, 105, 105, 105, 105, 105, 105, 105], 105, 0.0], "qaoa": [[76, 75, 75, 101, 101, 102, 76, 76, 74, 103], 85.9, 13.666260156555877], "add_greedy": [26, 26, 0]}}, "sed": {"statevector_sim": {"selectqa": [[55, 55, 55, 55, 55, 55, 55, 55, 55, 55], 55, 0.0], "divga": [[83, 62, 97, 78, 87, 97, 97, 91, 100, 102], 89.4, 12.357633718115743], "qaoa": [[188, 213, 219, 196, 187, 161, 160, 217, 230, 201], 197.2, 23.785149428442388], "add_greedy": [80, 80, 0]}, "aer_sim": {"selectqa": [[93, 93, 93, 93, 93, 93, 93, 93, 93, 93], 93, 0.0], "divga": [[88, 62, 103, 103, 89, 98, 97, 94, 102, 103], 93.9, 12.547244053310406], "qaoa": [[183, 183, 180, 183, 183, 180, 180, 183, 183, 179], 181.7, 1.7029386365926402], "add_greedy": [80, 80, 0]}, "fake_vigo": {"selectqa": [[86, 86, 86, 86, 86, 86, 86, 86, 86, 86], 86, 0.0], "divga": [[89, 62, 103, 101, 89, 97, 97, 94, 101, 103], 93.6, 12.249263016379574], "qaoa": [[183, 183, 183, 183, 183, 183, 183, 183, 183, 181], 182.8, 0.6324555320336759], "add_greedy": [80, 80, 0]}, "depolarizing_sim/01": {"selectqa": [[86, 86, 86, 86, 86, 86, 86, 86, 86, 86], 86, 0.0], "divga": [[89, 62, 103, 101, 89, 97, 97, 94, 101, 103], 93.6, 12.249263016379574], "qaoa": [[183, 183, 183, 183, 183, 183, 181, 183, 183, 183], 182.8, 0.6324555320336759], "add_greedy": [80, 80, 0]}, "depolarizing_sim/02": {"selectqa": [[86, 86, 86, 86, 86, 86, 86, 86, 86, 86], 86, 0.0], "divga": [[89, 62, 103, 101, 89, 97, 97, 94, 101, 103], 93.6, 12.249263016379574], "qaoa": [[183, 183, 183, 183, 181, 183, 181, 183, 183, 183], 182.6, 0.8432740427115678], "add_greedy": [80, 80, 0]}, "depolarizing_sim/05": {"selectqa": [[86, 86, 86, 86, 86, 86, 86, 86, 86, 86], 86, 0.0], "divga": [[89, 62, 103, 101, 89, 97, 97, 94, 101, 103], 93.6, 12.249263016379574], "qaoa": [[183, 183, 183, 183, 183, 183, 183, 183, 183, 183], 183, 0.0], "add_greedy": [80, 80, 0]}}}