{"flex": {"statevector_sim": {}, "aer_sim": {}, "fake_vigo": {}, "fake_vigo_zne": {}, "depolarizing_sim/01": {}, "depolarizing_sim/02": {}, "depolarizing_sim/05": {}}, "grep": {"statevector_sim": {"selectqa": [[3, 3, 4, 3, 4, 3, 4, 3, 4, 4], 3.5, 0.5270462766947299], "divga": [[70, 70, 65, 69, 69, 65, 55, 68, 52, 64], 64.7, 6.325433669805661], "qaoa": [[471, 380, 453, 407, 425, 449, 373, 459, 389, 426], 423.2, 34.88011213029887], "add_greedy": [97, 97, 0]}, "aer_sim": {"selectqa": [[1, 1, 2, 1, 2, 1, 2, 1, 2, 2], 1.5, 0.5270462766947299], "divga": [[70, 70, 70, 70, 70, 70, 70, 70, 70, 70], 70, 0.0], "qaoa": [[335, 338, 337, 338, 336, 332, 336, 337, 336, 337], 336.2, 1.7511900715418263], "add_greedy": [171, 171, 0]}, "fake_vigo": {"selectqa": [[192, 192, 193, 192, 193, 192, 193, 192, 193, 193], 192.5, 0.5270462766947299], "divga": [[70, 70, 70, 70, 70, 70, 70, 70, 70, 70], 70, 0.0], "qaoa": [[321, 321, 321, 321, 321, 321, 321, 321, 321, 321], 321, 0.0], "add_greedy": [177, 177, 0]}, "fake_vigo_zne": {"selectqa": [[9, 9, 10, 9, 10, 9, 10, 9, 10, 10], 9.5, 0.5270462766947299], "divga": [[70, 70, 70, 70, 70, 70, 70, 70, 69, 70], 69.9, 0.31622776601683794], "qaoa": [[427, 430, 440, 445, 450, 422, 433, 440, 445, 441], 437.3, 8.944893018427393], "add_greedy": [171, 171, 0]}, "depolarizing_sim/01": {"selectqa": [[192, 192, 193, 192, 193, 192, 193, 192, 193, 193], 192.5, 0.5270462766947299], "divga": [[70, 70, 70, 70, 70, 70, 70, 70, 70, 70], 70, 0.0], "qaoa": [[321, 321, 321, 321, 321, 321, 321, 321, 321, 321], 321, 0.0], "add_greedy": [177, 177, 0]}, "depolarizing_sim/02": {"selectqa": [[192, 192, 193, 192, 193, 192, 193, 192, 193, 193], 192.5, 0.5270462766947299], "divga": [[70, 70, 70, 70, 70, 70, 70, 70, 70, 70], 70, 0.0], "qaoa": [[321, 321, 321, 321, 321, 321, 321, 321, 321, 321], 321, 0.0], "add_greedy": [177, 177, 0]}, "depolarizing_sim/05": {"selectqa": [[192, 192, 193, 192, 193, 192, 193, 192, 193, 193], 192.5, 0.5270462766947299], "divga": [[70, 70, 70, 70, 70, 70, 70, 70, 70, 70], 70, 0.0], "qaoa": [[321, 321, 321, 321, 321, 321, 321, 321, 321, 321], 321, 0.0], "add_greedy": [177, 177, 0]}}, "gzip": {"statevector_sim": {"selectqa": [[36, 35, 34, 35, 36, 36, 35, 36, 34, 36], 35.3, 0.8232726023485646], "divga": [[82, 93, 85, 104, 86, 91, 89, 104, 99, 44], 87.7, 17.166181222909707], "qaoa": [[96, 86, 84, 54, 95, 98, 84, 47, 78, 28], 75, 23.79542439676633], "add_greedy": [46, 46, 0]}, "aer_sim": {"selectqa": [[41, 40, 39, 40, 41, 41, 40, 41, 39, 41], 40.3, 0.8232726023485646], "divga": [[105, 105, 105, 105, 105, 105, 105, 105, 105, 105], 105, 0.0], "qaoa": [[86, 128, 84, 86, 86, 84, 85, 84, 129, 85], 93.7, 18.360888383251563], "add_greedy": [26, 26, 0]}, "fake_vigo": {"selectqa": [[41, 40, 39, 40, 41, 41, 40, 41, 39, 41], 40.3, 0.8232726023485646], "divga": [[105, 105, 105, 105, 105, 105, 105, 105, 105, 105], 105, 0.0], "qaoa": [[102, 102, 76, 76, 76, 75, 75, 76, 101, 102], 86.1, 13.477965556995446], "add_greedy": [26, 26, 0]}, "fake_vigo_zne": {"selectqa": [[34, 33, 32, 33, 34, 34, 33, 34, 32, 34], 33.3, 0.8232726023485646], "divga": [[94, 96, 101, 102, 97, 99, 93, 102, 98, 56], 93.8, 13.644697789902779], "qaoa": [[103, 64, 111, 73, 68, 116, 102, 63, 71, 95], 86.6, 20.7589338197638], "add_greedy": [13, 13, 0]}, "depolarizing_sim/01": {"selectqa": [[41, 40, 39, 40, 41, 41, 40, 41, 39, 41], 40.3, 0.8232726023485646], "divga": [[105, 105, 105, 105, 105, 105, 105, 105, 105, 105], 105, 0.0], "qaoa": [[77, 75, 101, 101, 75, 102, 101, 74, 103, 76], 88.5, 13.842366528564078], "add_greedy": [26, 26, 0]}, "depolarizing_sim/02": {"selectqa": [[41, 40, 39, 40, 41, 41, 40, 41, 39, 41], 40.3, 0.8232726023485646], "divga": [[105, 105, 105, 105, 105, 105, 105, 105, 105, 105], 105, 0.0], "qaoa": [[102, 103, 76, 101, 75, 102, 76, 76, 76, 76], 86.3, 13.52405264704334], "add_greedy": [26, 26, 0]}, "depolarizing_sim/05": {"selectqa": [[41, 40, 39, 40, 41, 41, 40, 41, 39, 41], 40.3, 0.8232726023485646], "divga": [[105, 105, 105, 105, 105, 105, 105, 105, 105, 105], 105, 0.0], "qaoa": [[76, 75, 75, 101, 101, 102, 76, 76, 74, 103], 85.9, 13.666260156555877], "add_greedy": [26, 26, 0]}}, "sed": {"statevector_sim": {"selectqa": [[55, 55, 55, 55, 55, 55, 55, 55, 55, 55], 55, 0.0], "divga": [[83, 62, 97, 78, 87, 97, 97, 91, 100, 102], 89.4, 12.357633718115743], "qaoa": [[188, 213, 219, 196, 187, 161, 160, 217, 230, 201], 197.2, 23.785149428442388], "add_greedy": [80, 80, 0]}, "aer_sim": {"selectqa": [[93, 93, 93, 93, 93, 93, 93, 93, 93, 93], 93, 0.0], "divga": [[88, 62, 103, 103, 89, 98, 97, 94, 102, 103], 93.9, 12.547244053310406], "qaoa": [[183, 183, 180, 183, 183, 180, 180, 183, 183, 179], 181.7, 1.7029386365926402], "add_greedy": [80, 80, 0]}, "fake_vigo": {"selectqa": [[86, 86, 86, 86, 86, 86, 86, 86, 86, 86], 86, 0.0], "divga": [[89, 62, 103, 101, 89, 97, 97, 94, 101, 103], 93.6, 12.249263016379574], "qaoa": [[183, 183, 183, 183, 183, 183, 183, 183, 183, 181], 182.8, 0.6324555320336759], "add_greedy": [80, 80, 0]}, "fake_vigo_zne": {"selectqa": [[103, 103, 103, 103, 103, 103, 103, 103, 103, 103], 103, 0.0], "divga": [[102, 62, 104, 105, 99, 105, 103, 97, 105, 101], 98.3, 13.038830895103713], "qaoa": [[87, 71, 72, 92, 84, 83, 124, 86, 86, 79], 86.4, 14.766328062333047], "add_greedy": [23, 23, 0]}, "depolarizing_sim/01": {"selectqa": [[86, 86, 86, 86, 86, 86, 86, 86, 86, 86], 86, 0.0], "divga": [[89, 62, 103, 101, 89, 97, 97, 94, 101, 103], 93.6, 12.249263016379574], "qaoa": [[183, 183, 183, 183, 183, 183, 181, 183, 183, 183], 182.8, 0.6324555320336759], "add_greedy": [80, 80, 0]}, "depolarizing_sim/02": {"selectqa": [[86, 86, 86, 86, 86, 86, 86, 86, 86, 86], 86, 0.0], "divga": [[89, 62, 103, 101, 89, 97, 97, 94, 101, 103], 93.6, 12.249263016379574], "qaoa": [[183, 183, 183, 183, 181, 183, 181, 183, 183, 183], 182.6, 0.8432740427115678], "add_greedy": [80, 80, 0]}, "depolarizing_sim/05": {"selectqa": [[86, 86, 86, 86, 86, 86, 86, 86, 86, 86], 86, 0.0], "divga": [[89, 62, 103, 101, 89, 97, 97, 94, 101, 103], 93.6, 12.249263016379574], "qaoa": [[183, 183, 183, 183, 183, 183, 183, 183, 183, 183], 183, 0.0], "add_greedy": [80, 80, 0]}}}