{
  "gsdtsr": {
    "1": {
      "0": 1.4998173545988567,
      "1": 1.773502126862385,
      "2": 1.928212699224183,
      "3": 1.8674365849253285,
      "4": 1.7228915428686982,
      "5": 1.7747775646215467,
      "6": 1.3715705815773944,
      "7": 1.5306188946890937,
      "8": 1.6799697022115367,
      "9": 1.6893855636379451
    },
    "2": {
      "0": 1.3861550761543944,
      "1": 1.6476713626919244,
      "2": 1.5599806365689257,
      "3": 1.439348575130164,
      "4": 1.7725668156570766,
      "5": 1.4278775399695196,
      "6": 1.4370712291285805,
      "7": 1.3082294466570843,
      "8": 1.382583157624519,
      "9": 1.3405595941115835
    },
    "4": {
      "0": 1.379499802448804,
      "1": 1.577190628438252,
      "2": 1.7456822220930206,
      "3": 1.4067453784233728,
      "4": 1.5085225567956801,
      "5": 1.8092500751133944,
      "6": 1.5281235265363748,
      "7": 1.5096991373108406,
      "8": 1.5986667751288797,
      "9": 1.6497209756926088
    },
    "8": {
      "0": 1.6133753270491786,
      "1": 1.4126719722840546,
      "2": 1.5222625730797081,
      "3": 1.4783065197907561,
      "4": 1.671008915470741,
      "5": 1.3978282391295531,
      "6": 1.5859636948322253,
      "7": 1.7874132113339642,
      "8": 1.5329595027678218,
      "9": 1.6007983835774477
    },
    "16": {
      "0": 1.241210014677065,
      "1": 1.4173535564363198,
      "2": 1.5191627572739272,
      "3": 1.6312279167494361,
      "4": 1.4624799196732667,
      "5": 1.2772405948752545,
      "6": 1.5187182206817327,
      "7": 2.0191791306029288,
      "8": 1.5454697727083977,
      "9": 1.0
    }
  },
  "paintcontrol": {
    "1": {
      "0": 1.5508008002065958,
      "1": 1.5760648491251616,
      "2": 1.6234310273245305,
      "3": 2.263612076616651,
      "4": 1.4070638428823117,
      "5": 1.961198844797858,
      "6": 1.911701067622838,
      "7": 2.3385563594538463,
      "8": 1.7068413251435506,
      "9": 2.143765219619614
    },
    "2": {
      "0": 2.3316071040497612,
      "1": 2.35765918093652,
      "2": 1.8167247635503356,
      "3": 2.399862332965193,
      "4": 1.830577348239668,
      "5": 1.3511595816436364,
      "6": 1.4459063074788205,
      "7": 1.3024200852664338,
      "8": 2.261036226960094,
      "9": 2.2941464850696756
    },
    "4": {
      "0": 2.164950740735702,
      "1": 2.5651670980064427,
      "2": 1.6073375016351652,
      "3": 1.822372920653169,
      "4": 2.054326667370748,
      "5": 2.0248298464873544,
      "6": 1.5160113067648358,
      "7": 2.650659880434703,
      "8": 1.9518758420362134,
      "9": 2.3120331667634773
    },
    "8": {
      "0": 2.430834584125033,
      "1": 2.2240654413642607,
      "2": 2.2790426068393437,
      "3": 1.371033321727518,
      "4": 1.4998717653333429,
      "5": 2.063606755358039,
      "6": 1.939273625729126,
      "7": 1.2833118794879281,
      "8": 1.2055283371659424,
      "9": 1.868452940759208
    },
    "16": {
      "0": 1.2053682345931214,
      "1": 1.4137258565894353,
      "2": 1.30124346671093,
      "3": 2.2575635454140843,
      "4": 1.3143754023047385,
      "5": 1.3685245637113335,
      "6": 1.7178536201100383,
      "7": 1.0,
      "8": 1.367674410270856,
      "9": 1.475045420046729
    }
  },
  "iofrol": {
    "1": {
      "0": 1.4157382525187658,
      "1": 1.4819296847527024,
      "2": 1.2190398829469622,
      "3": 1.2396962905479518,
      "4": 1.3735272078655336,
      "5": 1.1732305212032577,
      "6": 1.126139999705452,
      "7": 1.4448067003846568,
      "8": 1.6848044779027387,
      "9": 1.3051104893866696
    },
    "2": {
      "0": 1.1612246256371346,
      "1": 1.2706737303902118,
      "2": 1.3006420676439248,
      "3": 1.144535593085376,
      "4": 1.1118648651647072,
      "5": 1.1901321782484855,
      "6": 1.1998279901825606,
      "7": 1.1054314021945533,
      "8": 1.1158255077577783,
      "9": 1.177377633799004
    },
    "4": {
      "0": 1.1644193167043086,
      "1": 1.0947873056576523,
      "2": 1.1358351035421284,
      "3": 1.1518019281958376,
      "4": 1.1850659586038645,
      "5": 1.1547685362043911,
      "6": 1.1490664802793797,
      "7": 1.1929083357453865,
      "8": 1.1246496470302296,
      "9": 1.1409200268645228
    },
    "8": {
      "0": 1.1994107646825278,
      "1": 1.156039039864943,
      "2": 1.2305971049517552,
      "3": 1.1061213885300334,
      "4": 1.087189886372143,
      "5": 1.1661402869310673,
      "6": 1.208571358849505,
      "7": 1.1074120929426048,
      "8": 1.1986537830230175,
      "9": 1.1540013451030617
    },
    "16": {
      "0": 1.0662666676970338,
      "1": 1.1349012467240136,
      "2": 1.1628768125479225,
      "3": 1.092292303455035,
      "4": 1.1126899363620606,
      "5": 1.0849893039786362,
      "6": 1.0766410490328686,
      "7": 1.2336772302076564,
      "8": 1.0,
      "9": 1.163987043674114
    }
  },
  "elevator": {
    "1": {
      "0": 1.2729393036792214,
      "1": 1.1485357055610415,
      "2": 1.1611158895370686,
      "3": 1.2808176463243248,
      "4": 1.1701902630758785,
      "5": 1.1777935900582477,
      "6": 1.191194580496123,
      "7": 1.1754189672038466,
      "8": 1.169939836063986,
      "9": 1.2179687092955722
    },
    "2": {
      "0": 1.1269125691652675,
      "1": 1.162335148152599,
      "2": 1.1871678087151178,
      "3": 1.159759856459124,
      "4": 1.167440216033845,
      "5": 1.1122822970458048,
      "6": 1.0918543277503712,
      "7": 1.158812797714458,
      "8": 1.1769867777948422,
      "9": 1.0864187209785832
    },
    "4": {
      "0": 1.0532349598580528,
      "1": 1.073277433044706,
      "2": 1.0643835489090727,
      "3": 1.1084838824156742,
      "4": 1.1554304087772078,
      "5": 1.1047040407479798,
      "6": 1.0628614654271091,
      "7": 1.1033595166991412,
      "8": 1.101959001987048,
      "9": 1.0711814765681409
    },
    "8": {
      "0": 1.030491361505256,
      "1": 1.0695635775561851,
      "2": 1.1101414507370408,
      "3": 1.0435609872815432,
      "4": 1.0397121720475437,
      "5": 1.0364172923177926,
      "6": 1.0922136629164916,
      "7": 1.0633104554535435,
      "8": 1.0,
      "9": 1.1037082577113793
    },
    "16": {
      "0": 1.0522189800185864,
      "1": 1.098956891328859,
      "2": 1.0518534401686253,
      "3": 1.080997755506146,
      "4": 1.0651476951792145,
      "5": 1.0480992294570697,
      "6": 1.0824835548828575,
      "7": 1.0789164585657616,
      "8": 1.1154003193845912,
      "9": 1.084679584728691
    }
  },
  "elevator2": {
    "1": {
      "0": 2.091277511066775,
      "1": 1.7995510942078683,
      "2": 1.5349148949435751,
      "3": 1.665035226635077,
      "4": 1.6977679406446786,
      "5": 1.666780971382256,
      "6": 1.693933537003554,
      "7": 1.7088035413679157,
      "8": 1.884095018392668,
      "9": 1.9254629340981357
    },
    "2": {
      "0": 1.4654591932165346,
      "1": 1.2612694058233058,
      "2": 1.4959785522788205,
      "3": 1.287143836897562,
      "4": 1.3930731342353015,
      "5": 1.500405262173452,
      "6": 1.5168651412182803,
      "7": 1.5617245464181058,
      "8": 1.5150570484444168,
      "9": 1.5219153313797618
    },
    "4": {
      "0": 1.2712450900928984,
      "1": 1.3469355944884345,
      "2": 1.2775734148014215,
      "3": 1.4425462934098137,
      "4": 1.1318660764386808,
      "5": 1.2815636885092585,
      "6": 1.3871500717002307,
      "7": 1.250981981420288,
      "8": 1.0775609451960846,
      "9": 1.2416297774175449
    },
    "8": {
      "0": 1.0394351268782343,
      "1": 1.2021011284992829,
      "2": 1.1269405823305692,
      "3": 1.0,
      "4": 1.137228006733587,
      "5": 1.0673982168464367,
      "6": 1.060165845750982,
      "7": 1.1684020200760645,
      "8": 1.0662136043394226,
      "9": 1.075378764262111
    },
    "16": {
      "0": 1.0759087224889332,
      "1": 1.1018766756032172,
      "2": 1.055458569736268,
      "3": 1.1269405823305692,
      "4": 1.0707650102874244,