final_test_suite_costs,final_failure_rates,average_qpu_access_time(ms),qpu_lower_bound(ms),qpu_upper_bound()
"[14799138.955507126, 17923812.952513862, 17241738.38197786, 19113906.102129582, 26686616.682195134, 16891290.21082568, 22917265.85921437, 18291339.002665706, 18691641.488247886, 19715741.33084992]","[3.4300941513346888, 4.406390583920702, 5.341989263262204, 6.282246972077736, 4.689556377267984, 2.644813852217308, 5.918031302431631, 3.9425902744066965, 4.823455534553143, 4.728505757586506]",605.8762529621954,457.33596612577855,776.7576887167019
