{"pareto_front_0": [[1], [1, 1], [1, 1, 1], [1, 1, 1, 0], [1, 1, 1, 0, 0], [1, 1, 1, 0, 0, 0], [1, 1, 1, 0, 0, 0, 1], [1, 1, 1, 0, 0, 0, 1, 0], [1, 1, 1, 0, 0, 0, 1, 0, 0], [1, 1, 1, 0, 0, 0, 1, 0, 0, 0]], "pareto_front_1": [[1], [1, 1], [1, 1, 1], [1, 1, 1, 0], [1, 1, 1, 0, 0], [1, 1, 1, 0, 0, 0], [1, 1, 1, 0, 0, 0, 1], [1, 1, 1, 0, 0, 0, 1, 0], [1, 1, 1, 0, 0, 0, 1, 0, 0], [1, 1, 1, 0, 0, 0, 1, 0, 0, 0]], "pareto_front_2": [[1], [1, 1], [1, 1, 1], [1, 1, 1, 0], [1, 1, 1, 0, 0], [1, 1, 1, 0, 0, 0], [1, 1, 1, 0, 0, 0, 1], [1, 1, 1, 0, 0, 0, 1, 0], [1, 1, 1, 0, 0, 0, 1, 0, 0], [1, 1, 1, 0, 0, 0, 1, 0, 0, 0]], "pareto_front_3": [[1], [1, 1], [1, 1, 1], [1, 1, 1, 0], [1, 1, 1, 0, 0], [1, 1, 1, 0, 0, 0], [1, 1, 1, 0, 0, 0, 1], [1, 1, 1, 0, 0, 0, 1, 0], [1, 1, 1, 0, 0, 0, 1, 0, 0], [1, 1, 1, 0, 0, 0, 1, 0, 0, 0]], "pareto_front_4": [[1], [1, 1], [1, 1, 1], [1, 1, 1, 0], [1, 1, 1, 0, 0], [1, 1, 1, 0, 0, 0], [1, 1, 1, 0, 0, 0, 1], [1, 1, 1, 0, 0, 0, 1, 0], [1, 1, 1, 0, 0, 0, 1, 0, 0], [1, 1, 1, 0, 0, 0, 1, 0, 0, 0]], "pareto_front_5": [[1], [1, 1], [1, 1, 1], [1, 1, 1, 0], [1, 1, 1, 0, 0], [1, 1, 1, 0, 0, 0], [1, 1, 1, 0, 0, 0, 1], [1, 1, 1, 0, 0, 0, 1, 0], [1, 1, 1, 0, 0, 0, 1, 0, 0], [1, 1, 1, 0, 0, 0, 1, 0, 0, 0]], "pareto_front_6": [[1], [1, 1], [1, 1, 1], [1, 1, 1, 0], [1, 1, 1, 0, 0], [1, 1, 1, 0, 0, 0], [1, 1, 1, 0, 0, 0, 1], [1, 1, 1, 0, 0, 0, 1, 0], [1, 1, 1, 0, 0, 0, 1, 0, 0], [1, 1, 1, 0, 0, 0, 1, 0, 0, 0]], "pareto_front_7": [[1], [1, 1], [1, 1, 1], [1, 1, 1, 0], [1, 1, 1, 0, 0], [1, 1, 1, 0, 0, 0], [1, 1, 1, 0, 0, 0, 1], [1, 1, 1, 0, 0, 0, 1, 0], [1, 1, 1, 0, 0, 0, 1, 0, 0], [1, 1, 1, 0, 0, 0, 1, 0, 0, 0]], "pareto_front_8": [[1], [1, 1], [1, 1, 1], [1, 1, 1, 0], [1, 1, 1, 0, 0], [1, 1, 1, 0, 0, 0], [1, 1, 1, 0, 0, 0, 1], [1, 1, 1, 0, 0, 0, 1, 0], [1, 1, 1, 0, 0, 0, 1, 0, 0], [1, 1, 1, 0, 0, 0, 1, 0, 0, 0]], "pareto_front_9": [[1], [1, 1], [1, 1, 1], [1, 1, 1, 0], [1, 1, 1, 0, 0], [1, 1, 1, 0, 0, 0], [1, 1, 1, 0, 0, 0, 1], [1, 1, 1, 0, 0, 0, 1, 0], [1, 1, 1, 0, 0, 0, 1, 0, 0], [1, 1, 1, 0, 0, 0, 1, 0, 0, 0]], "mean_qpu_run_time(ms)": 621.4744806289673, "mean_pareto_fronts_building_time(ms)": 0.39331912994384766}