final_test_suite_costs,final_failure_rates,average_qpu_access_time(ms),qpu_lower_bound(ms),qpu_upper_bound()
"[306889.451750506, 481188.85136950825, 379195.069612873, 351242.81249096885, 337572.5085268815, 282840.49422567256, 429298.3371142581, 542791.547364703, 287746.8558358889, 366580.22286595934]","[3.65092375124954, 3.682708875972879, 3.6676386435323276, 3.6633142433015125, 3.6860170442000366, 3.6701390365266247, 3.6585081359895235, 3.669822254118126, 3.6812409932687498, 3.6699405774573033]",351.16234551305354,297.8975959186969,407.1069567359012
