final_test_suite_costs,final_failure_rates,average_qpu_access_time(ms),qpu_lower_bound(ms),qpu_upper_bound()
"[1284176.0, 748564.0, 1274337.0, 1249689.0, 1532392.0, 1205450.0, 2051001.0, 1685152.0, 1623952.0, 1384651.0]","[10.025883329563708, 7.719307329796682, 9.59628447839677, 9.879801088459095, 8.587109540532156, 9.733787122254741, 13.631037943959262, 9.07042776555549, 10.530249063212203, 12.449742702734346]",44.83591675758362,42.41771373152733,47.34075129032135
