final_test_suite_costs,final_failure_rates,average_qpu_access_time(ms),qpu_lower_bound(ms),qpu_upper_bound()
"[159150.0, 153398.0, 159150.0, 170747.0, 165134.0, 159150.0, 181512.0, 159150.0, 159150.0, 170747.0]","[5.313975335492759, 5.140267874389176, 5.313975335492759, 5.503016431383171, 5.366288915952035, 5.313975335492759, 5.687771450038448, 5.313975335492759, 5.313975335492759, 5.503016431383171]",226.6109335422516,193.55965813994408,262.9023155272007
