final_test_suite_costs,final_failure_rates,average_qpu_access_time(ms),qpu_lower_bound(ms),qpu_upper_bound()
"[159150.0, 159150.0, 159150.0, 159150.0, 159150.0, 159150.0, 159150.0, 159150.0, 159150.0, 159150.0]","[5.31397533549276, 5.31397533549276, 5.31397533549276, 5.31397533549276, 5.31397533549276, 5.31397533549276, 5.31397533549276, 5.31397533549276, 5.31397533549276, 5.31397533549276]",997.141179561615,980.086200761795,1013.7355782866478
