,best_itr,best_fval,best_solution,total_qaoa,total_impact,total_exe,execution_times,final_test_suite_costs,final_failure_rates
0,9,0.14079356060103773,"[0, 0.0, 0.0, 0.0, 0, 0.0, 0.0, 0, 0.0, 0, 0, 1, 1, 1.0, 0.0, 1.0, 0, 0, 1.0, 1.0, 0.0, 0.0, 0.0, 0, 1, 0, 1, 0.0, 1, 0.0, 0, 1, 0.0, 0, 0.0, 0, 0.0, 0.0, 0, 0.0, 0, 0.0, 0.0, 0.0, 0.0, 0.0, 0, 1.0, 0, 0.0, 0, 0, 0, 0.0, 1.0, 0, 0.0, 0, 0, 1.0, 1.0, 1.0, 1, 0.0, 1, 0.0, 0, 1, 0.0, 1.0, 1, 0.0, 0.0, 0.0, 1, 1.0, 1.0, 1, 1, 1, 1, 0, 1.0, 0.0, 1.0, 0, 1.0, 0.0, 0]",8.290032148361206,0.008172035217285156,8.404540538787842,"[0.8746674060821533, 0.8012802600860596, 0.791719913482666, 0.8051698207855225, 0.8965651988983154, 0.8232407569885254, 0.7976295948028564, 0.8168301582336426, 0.8582942485809326, 0.8328068256378174]","[968119.0, 734626.0, 826499.0, 650819.0, 691072.0, 643075.0, 643555.0, 627941.0, 659529.0, 659529.0]","[10.799442233508666, 9.709496279143519, 10.538514228481624, 9.293754345611312, 10.189628229528676, 9.675871973691436, 10.017549249197604, 9.830919722735207, 9.945663788220307, 9.945663788220307]"
