final_test_suite_costs,final_effectivenesses,average_qpu_access_time(ms),stdev_qpu_access_time(ms),all_qpu_access_times(ms),qpu_lower_bound(ms),qpu_upper_bound(ms),qpu_run_times(ms)
"[607500.0, 487818.0]","[10.022971151042169, 8.732553256537967]",1471.5517163276672,1155.4174557178762,"[62.632083892822266, 97.77307510375977, 3049.0031242370605, 2628.3979415893555, 1714.939832687378, 1443.7792301177979, 54.898977279663086, 83.0388069152832, 2927.3600578308105, 2375.7312297821045, 1522.545337677002, 1698.5208988189697]",876.4506106575332,2072.3195816079774,"[62.632083892822266, 97.77307510375977, 3049.0031242370605, 2628.3979415893555, 1714.939832687378, 1443.7792301177979, 54.898977279663086, 83.0388069152832, 2927.3600578308105, 2375.7312297821045, 1522.545337677002, 1698.5208988189697]"
