final_test_suite_costs,final_failure_rates,avg_sampling_time(ms),avg_qpu_access_time(ms),qpu_lower_bound(ms),qpu_upper_bound(ms),avg_ex_time(ms)
"[248915.92193244677, 767880.693367778, 994155.0265596076, 789740.8660950507, 248915.92193244677, 236758.0946597195, 27102.053461217685, 21860.17272727273, 789740.8660950507, 767489.9853611058]","[2.68673332646119, 1.714486376048563, 2.558600853468885, 3.5599409215031086, 2.68673332646119, 2.532187871915735, 2.689491242702252, 1.8454545454545455, 3.5599409215031086, 1.715904224255402]",0.5993843078613281,2993321.0,2992822.9576190477,2993706.9286904763,2993321.599384308
