final_test_suite_costs,final_failure_rates,avg_sampling_time(ms),avg_qpu_access_time(ms),qpu_lower_bound(ms),qpu_upper_bound(ms),avg_ex_time(ms)
"[356345.0, 780259.0, 304628.0, 790370.0, 788879.0, 780259.0, 821865.0, 798990.0, 790370.0, 788879.0]","[4.799324655134994, 4.6744309453986865, 4.074430945398687, 4.991700021703909, 4.974977393486119, 4.674430945398687, 5.082055578829773, 5.2922464697913405, 4.991700021703909, 4.974977393486119]",0.2991199493408203,2993859.9,2992895.8608333333,2994719.04375,2993860.1991199492
